features,importance
unique_ratio,0.5921542741575675
semantic_keywords,0.33204812011834023
data_type,0.038505072964315504
has_names,0.037292532759776696
